,questionType,version,points,time
0,1.0,A,0.8541666666666666,19.621291666666668
1,1.0,B,0.4166666666666667,28.82104166666667
2,2.0,A,0.7708333333333334,18.121210515873017
3,2.0,B,0.3333333333333333,26.137486111111112
4,3.0,A,0.6041666666666666,34.29945138888889
5,3.0,B,0.22916666666666666,31.44350277777778
6,4.0,A,0.8095238095238094,21.583357142857142
7,4.0,B,0.6666666666666666,28.685833333333335
8,5.0,A,0.8571428571428571,30.13714285714285
9,5.0,B,0.7857142857142857,36.06029047619048
